INSERT INTO type_objects (id, type)
VALUES 
('1301',	'1кімн квартира'),
('1302',	'2кімн квартира'),
('1303',	'3кімн квартира'),
('1304',	'кімната'),
('1305',	'котедж'),
('1306',	'апартаменти'),
('1307',	'будинок'),
('1308',	'гараж'),
('1309',	'комора'),
('1310',	'нежилове приміщення'),
('1311',	'пентхаус')

INSERT INTO locations (id, name, district, city)
VALUES ('1011','Боднарівка','Сихівський','Львів'),
('1012','Винники','Личаківський','Львів'),
('1013','Галицький','Галицький','Львів'),
('1014','Голоско','Шевченківський','Львів'),
('1015','Залізничний','Залізничний','Львів'),
('1016','Замарстинів','Шевченківський','Львів'),
('1017','Левандівка','Залізничний','Львів'),
('1018','Личаків','Личаківський','Львів'),
('1019','Личаківський','Личаківський','Львів'),
('1020','Майорівка','Личаківський','Львів'),
('1021','Наукова','Франківський','Львів'),
('1022','Новий Львів','Сихівський','Львів'),
('1023','Площа Ринок','Галицький','Львів'),
('1024','Погулянка','Личаківський','Львів'),
('1025','Рясне 1','Шевченківський','Львів'),
('1026','Рясне 2','Шевченківський','Львів'),
('1027','Санта Барбара','Сихівський','Львів'),
('1028','Сихівський','Сихівський','Львів'),
('1029','Скнилів','Пустомитівський','Львівська обл.'),
('1030','Франківський','Франківський','Львів'),
('1031','Шевченківський','Шевченківський','Львів'),
('1032','Брюховичі','Шевченківський','Львів'),
('1033','Зимна Вода','Пустомитівський','Львівська обл.'),
('1034','Малечковичі','Пустомитівський','Львівська обл.'),
('1035','Сокільники','Пустомитівський','Львівська обл.')

INSERT INTO owners (id, name, surname, phone, email)
VALUES
('1201',	'Ольга',	'Ковтун',	'+38 (096) 844 36 73',	'kovtun23@gmail.com'),
('1202',	'Олег',	'Віярський',	'+38 (066) 954 36 74',	'oleg.viniar@ukr.net'),
('1203',	'Микола',	'Кучер',	'+38 (063) 256 36 85',	'mikola67@gmail.com'),
('1204',	'Алла',	'Ільків',	'+38 (073) 984 51 56',	'aiaiai@gmail.com'),
('1205',	'Юрій',	'Ковальчук',	'+38 (095) 154 69 48',	'yurik@mail.ru'),
('1206',	'Станіслав',	'Дегтяр',	'+38 (099) 149 87 12',	'degtiar@ukr.net'),
('1207',	'Едуард',	'Гуменний',	'+38 (097) 464 17 93',	'e.gumm12@mail.ru'),
('1208',	'Олена',	'Кухар',	'+38 (063) 146 15 80',	'kuharkuhar@gmail.com'),
('1209',	'Марта',	'Поушева',	'+38 (050) 584 36 41',	'marta.p@gmail.com'),
('1210',	'Ярослав',	'Петльов',	'+38 (095) 970 45 92',	'petlov.y@ukr.net'),
('1211',	'Галина',	'Анічкіна',	'+38 (066) 269 17 89',	'anichka@ukr.net'),
('1212',	'Ольга',	'Ярушевич',	'+38 (095) 454 37 94',	'olginia192@mail.ru'),
('1213',	'Анна',	'Дяденчук',	'+38 (063) 852 56 80',	'anusha00@mail.ru'),
('1214',	'Святослав',	'Трачик',	'+38 (098) 415 16 85',	'sviat25@ukr.net'),
('1215',	'Ілля',	'Скиба',	'+38 (066) 124 59 84',	'skiba@gmail.com'),
('1216',	'Олександр',	'Павлишин',	'+38 (097) 566 04 88',	'pavlishin@ukr.net'),
('1217',	'Юрій',	'Василишин',	'+38 (063) 599 14 89',	'vasiliska45@gmail.com'),
('1218',	'Петро',	'Вівчар',	'+38 (095) 941 15 90',	'vivchar.petro@ukr.net'),
('1219',	'Максим',	'Нерубайло',	'+38 (066) 941 68 35',	'nerybailo@gmail.com'),
('1220',	'Микола',	'Орехов',	'+38 (067) 844 36 92',	'mikola_orehov@ukr.net'),
('1221',	'Роман',	'Ясніцький',	'+38 (073) 588 36 93',	'roman_yasin@gmail.com'),
('1222',	'Ксенія',	'Янів',	'+38 (050) 794 15 94',	'ksu_yuaniv@gmail.com'),
('1223',	'Дмитро',	'Захаріков',	'+38 (096) 497 48 12',	'dmitrik@gmail.com'),
('1224',	'Кирило',	'Паневник',	'+38 (097) 797 16 91',	'kiril.p@gmail.com'),
('1225',	'Тарас',	'Шевченко',	'+38 (098) 454 70 97',	'taras_shevchenko@ukr.net'),
('1226',	'Надія',	'Лучечко',	'+38 (095) 974 46 13',	'n_luchechko@mail.ru'),
('1227',	'Лариса',	'Тимошенко',	'+38 (066) 574 49 13',	'larisa.t@gmai.com'),
('1228',	'Людмила',	'Квасневська',	'+38 (067) 644 74 56',	'ludmila.k@gmail.com'),
('1229',	'Тетяна',	'Кучик',	'+38 (068) 456 34 56',	'tania_kuch@gmail.com'),
('1230',	'Іван',	'Іванович',	'+38 (050) 584 49 10',	'ivankoi@mail.ru')

INSERT INTO type_clients (id, type)
VALUES ('1401','постійний'),
('1402','привілейований'),
('1403','новачок'),
('1404','VIP')

INSERT INTO clients (id, id_type, name, surname, phone, email)
VALUES
('1101',	'1401',	'Микола',	'Назаренко',	'+38 (095) 754 26 45',	'nazarenko85@gmail.com'),
('1102',	'1403',	'Андрій',	'Колісник',	'+38 (099) 256 21 11',	'kolisnyk23@gmail.com'),
('1103',	'1402',	'Марія',	'Кучер',	'+38 (050) 784 69 47',	'kucher78@gmail.com'),
('1104',	'1404',	'Наталія',	'Бойчук',	'+38 (067) 023 05 64',	'bojchuk67@gmail.com'),
('1105',	'1403',	'Іван',	'Ігнатюк',	'+38 (095) 754 26 46',	'ivan_ignatiuk@gmail.com'),
('1106',	'1401',	'Ксенія',	'Тумаха',	'+38 (099) 256 21 12',	'ksu_ksu@ukr.net'),
('1107',	'1403',	'Марина',	'Перчиць',	'+38 (050) 784 69 48',	'marina_per@gmail.com'),
('1108',	'1402',	'Олександр',	'Турко',	'+38 (067) 023 05 65',	'sania_turko@ukr.net'),
('1109',	'1402',	'Максим',	'Гриньов',	'+38 (095) 754 26 47',	'max.gr@ukr.net'),
('1110',	'1401',	'Андрій',	'Остаповець',	'+38 (099) 256 21 13',	'andrey.ost@mail.ru'),
('1111',	'1404',	'Марія',	'Снігур',	'+38 (050) 784 69 49',	'masha.sneg@gmail.com'),
('1112',	'1402',	'Олена',	'Николайчук',	'+38 (067) 023 05 66',	'olena.nikolai@gmail.com'),
('1113',	'1403',	'Олександра',	'Маслій',	'+38 (095) 754 26 48',	'sashka.maslii@ukr.net'),
('1114',	'1404',	'Аліна',	'Гайдун',	'+38 (099) 256 21 14',	'alinka.g@gmail.com'),
('1115',	'1402',	'Ігор',	'Файко',	'+38 (050) 784 69 50',	'igor.faikov@ukr.net'),
('1116',	'1403',	'Альона',	'Сорока',	'+38 (067) 023 05 67',	'aliona.soroka@gmail.com'),
('1117',	'1403',	'Катерина',	'Брой',	'+38 (095) 754 26 49',	'katia_broy@gmail.com'),
('1118',	'1403',	'Йосип',	'Брезгун',	'+38 (099) 256 21 15',	'brezg@gmail.com'),
('1119',	'1404',	'Юлія',	'Пертук',	'+38 (050) 784 69 51',	'julia_petruk@gmail.com'),
('1120',	'1402',	'Анна',	'Мельник',	'+38 (067) 023 05 68',	'anna.melnyk@ukr.net'),
('1121',	'1401',	'Максим',	'Колдун',	'+38 (095) 754 26 50',	'max.kold@gmail.com'),
('1122',	'1401',	'Володимир',	'Паламарчук',	'+38 (099) 256 21 16',	'volodia.palamar@gmail.com'),
('1123',	'1402',	'Наталія',	'Кропник',	'+38 (050) 784 69 52',	'natany.kr@mail.ru'),
('1124',	'1403',	'Павло',	'Гетьман',	'+38 (067) 023 05 69',	'pavlo_getm@ukr.net'),
('1125',	'1404',	'Ольга',	'Кобилянська',	'+38 (095) 754 26 51',	'olga.kob@mail.ru'),
('1126',	'1403',	'Віталій',	'Туркевич',	'+38 (099) 256 21 17',	'vitaliy.rutk@gmail.com'),
('1127',	'1402',	'Анастасія',	'Карпюк',	'+38 (050) 784 69 53',	'anastasia_karp@gmail.com'),
('1128',	'1403',	'Сергій',	'Горбачик',	'+38 (067) 023 05 70',	'sergei_gorb@ukt.net'),
('1129',	'1404',	'Едуард',	'Омельчук',	'+38 (095) 754 26 52',	'eduard_om@gmail.com'),
('1130',	'1402',	'Андрій',	'Касянчук',	'+38 (099) 256 21 18',	'andrey_kas@gmail.com'),
('1131',	'1403',	'Христина',	'Вуж',	'+38 (099) 886 37 11',	'kris_vuj@gmail.com'),
('1132',	'1403',	'Сергій',	'Лаврук',	'+38 (066) 577 05 41',	'sergei.lavruk@gmail.com'),
('1133',	'1404',	'Богдан',	'Вітів',	'+38 (068) 454 46 15',	'bigdan_vit@ukr.net'),
('1134',	'1401',	'Олексій',	'Смолянський',	'+38 (067) 566 46 68',	'o_smol@mail.ru'),
('1135',	'1402',	'Дарія',	'Дзюминська',	'+38 (073) 867 35 27',	'd.dzum@gmail.com'),
('1136',	'1404',	'Валентина',	'Лавренюк',	'+38 (093) 844  64 21',	'valia_lavr@gmail.com'),
('1137',	'1401',	'Адрій',	'Шнайдер',	'+38 (063) 846 46 49',	'a.shnaider@ukr.net'),
('1138',	'1402',	'Юлія',	'Ткач',	'+38 (095) 554 34 54',	'julia.tkach@gmail.com'),
('1139',	'1402',	'Євген',	'Сенишин',	'+38 (050) 844 36 54',	'semanishka@mail.ru'),
('1140',	'1404',	'Катерина',	'Семанишин',	'+38 (063) 514 46 99',	'katia_sem@mail.ru'),
('1141',	'1403',	'Петро',	'Юринець',	'+38 (050) 597 36 11',	'petia.yur@gmail.com'),
('1142',	'1403',	'Дмитро',	'Ващеня',	'+38 (067) 569 86 40',	'dima.va@ukr.net'),
('1143',	'1402',	'Дарина',	'Концевич',	'+38 (093) 548 65 94',	'daria_konc@gmail.com'),
('1144',	'1403',	'Юрій',	'Машатанов',	'+38 (066) 455 46 65',	'yurii.mashatanov@mail.com'),
('1145',	'1402',	'Юлія',	'Міцюк',	'+38 (073) 584 36 78',	'julia_mic@ukr.net'),
('1146',	'1404',	'Олександра',	'Гутник',	'+38 (068) 844 49 85',	'sashka_gut@ukr.net'),
('1147',	'1403',	'Єлизавета',	'Любінська',	'+38 (050) 469 19 05',	'liza_liza@gmail.com'),
('1148',	'1402',	'Людмила',	'Ковенько',	'+38 (067) 674 06 12',	'liudmila_kov@ukr.net'),
('1149',	'1403',	'Світлана',	'Кондратюк',	'+38 (095) 055 66 80',	'svetlana_kondratiuk@gmail.com'),
('1150',	'1404',	'Анна',	'Стоян',	'+38 (093) 864 98 22',	'anna_stoy@ukr.net')


INSERT INTO objects (id, id_type, id_location, id_owner, street, area, price)
VALUES 
('1о',	'1301',	'1011',	'1201',	'Сихівська',	'21',	'3500'),
('2п',	'1301',	'1035',	'1230',	'Бузкова',	'26',	'390000'),
('3о',	'1303',	'1012',	'1202',	'Вишнева',	'66',	'7000'),
('4о',	'1304',	'1034',	'1229',	'Нова',	'11',	'1500'),
('5п',	'1308',	'1013',	'1203',	'Галицька',	'26',	'364000'),
('6п',	'1306',	'1033',	'1228',	'Лугова',	'81',	'1296000'),
('7о',	'1306',	'1014',	'1204',	'Замарстинівська',	'97',	'12000'),
('8п',	'1302',	'1032',	'1227',	'Весняна',	'59',	'914500'),
('9о',	'1302',	'1015',	'1205',	'Папоротна',	'57',	'4500'),
('10о',	'1303',	'1031',	'1226',	'Авраама Лінкольна',	'79',	'7000'),
('11п',	'1305',	'1016',	'1206',	'Перекопська',	'115',	'1840000'),
('12п',	'1307',	'1030',	'1225',	'Андрія Сахарова',	'156',	'2418000'),
('13о',	'1310',	'1017',	'1207',	'Підлісна',	'163',	'163000'),
('14п',	'1311',	'1029',	'1224',	'Авіаційна',	'148',	'2516000'),